Latitude_fireFile,Longitude_fireFile,brightness,scan,track,bright_t31,frp,daynight,type,date_Time_fireFile,MDL,wind_measurements,fire_occurred
32.5605,-116.9486,326.8,1.1,1.0,311.5,8.0,D,2,2019-08-10 19:00:00,0.1,4.948353999999999,0
33.1898,-115.462,328.9,2.2,1.5,301.1,49.1,D,0,2019-05-11 19:00:00,0.1,2.071404,1
33.192,-115.4681,329.3,2.2,1.5,301.4,54.8,D,0,2019-05-11 19:00:00,0.1,2.071404,1
33.229,-115.5184,327.4,3.1,1.7,295.8,118.3,D,0,2019-02-08 20:00:00,0.1,4.488041999999999,1
33.2387,-115.5487,338.3,1.2,1.1,304.9,25.2,D,0,2019-08-26 19:00:00,0.1,4.718197999999999,1
33.5641,-116.1438,326.9,4.2,1.9,306.8,114.0,D,0,2019-10-15 20:00:00,0.1,2.992028,1
33.5671,-116.1512,334.8,1.0,1.0,294.8,35.2,N,0,2019-05-30 06:00:00,0.1,2.6467939999999994,1
33.5673,-116.1483,334.5,4.2,1.9,306.9,197.4,D,0,2019-10-15 20:00:00,0.1,2.992028,1
33.5686,-116.1406,366.7,1.0,1.0,299.0,105.5,N,0,2019-05-30 06:00:00,0.1,6.099133999999999,1
33.5692,-116.1391,333.7,1.2,1.1,318.1,14.6,D,0,2019-05-30 21:00:00,0.1,4.60312,1
33.5715,-116.1495,337.2,1.0,1.0,320.5,17.9,D,0,2019-05-31 19:00:00,0.1,1.380936,1
33.5737,-116.1551,310.7,1.4,1.2,290.3,18.8,N,0,2019-10-16 06:00:00,0.1,3.7975739999999996,1
33.574,-116.1355,328.8,1.0,1.0,310.6,14.1,D,0,2019-10-15 19:00:00,0.1,1.380936,1
33.5743,-116.1439,326.1,1.3,1.1,312.7,17.1,D,0,2019-10-17 18:00:00,0.1,9.321318,1
33.5755,-116.1462,379.1,1.0,1.0,315.0,138.5,D,0,2019-10-15 19:00:00,0.1,1.380936,1
33.576,-116.1531,328.8,1.0,1.0,293.4,26.9,N,0,2019-05-30 06:00:00,0.1,2.6467939999999994,1
33.5764,-116.1405,317.7,1.4,1.2,292.1,28.0,N,0,2019-10-16 06:00:00,0.1,7.2499139999999995,1
33.5765,-116.1444,304.0,2.0,1.4,287.4,21.1,N,0,2019-05-30 10:00:00,0.1,8.05546,0
33.5775,-116.1424,358.3,1.0,1.0,295.0,81.4,N,0,2019-05-30 06:00:00,0.1,6.099133999999999,1
33.5778,-116.1434,322.7,1.1,1.1,286.2,27.2,N,0,2019-10-16 10:00:00,0.1,2.30156,1
33.5781,-116.1461,333.7,1.0,1.0,314.3,22.5,D,0,2019-10-16 21:00:00,0.1,3.567418,1
33.5805,-116.1499,320.4,4.2,1.9,304.5,62.7,D,0,2019-10-15 20:00:00,0.1,2.992028,1
33.5822,-116.1726,306.6,2.9,1.6,284.9,43.1,N,0,2019-10-15 06:00:00,0.1,4.488041999999999,1
33.5828,-116.1298,322.2,2.5,1.5,288.0,84.6,N,0,2019-10-15 09:00:00,0.1,7.595147999999999,1
33.5844,-116.1412,329.4,2.9,1.6,287.7,143.5,N,0,2019-10-15 06:00:00,0.1,7.0197579999999995,1
33.5849,-116.1563,305.6,2.5,1.5,284.4,34.6,N,0,2019-10-15 09:00:00,0.1,5.638822,1
33.5854,-116.1482,323.6,2.9,1.6,287.1,109.7,N,0,2019-10-15 06:00:00,0.1,7.0197579999999995,1
33.5874,-116.1948,335.2,1.3,1.1,316.0,19.2,D,0,2019-06-27 18:00:00,0.1,1.841248,1
33.5887,-116.2012,330.8,1.0,1.0,315.6,10.4,D,0,2019-05-31 19:00:00,0.1,2.87695,1
33.5891,-116.1946,334.7,1.0,1.0,317.3,12.5,D,0,2019-09-04 19:00:00,0.1,4.257886,1
33.5893,-116.239,351.6,1.0,1.0,320.8,44.8,D,0,2019-09-21 21:00:00,0.1,3.107106,1
33.5898,-116.1917,334.0,1.0,1.0,313.1,16.9,D,0,2019-05-24 19:00:00,0.1,4.948353999999999,1
33.5905,-116.1875,323.2,1.0,1.0,310.2,7.9,D,0,2019-10-15 19:00:00,0.1,1.9563259999999998,1
33.5908,-116.2283,358.3,1.0,1.0,317.6,60.9,D,0,2019-09-21 21:00:00,0.1,3.107106,1
33.5921,-116.1991,338.7,1.1,1.0,314.4,27.6,D,0,2019-05-01 18:00:00,0.1,3.7975739999999996,1
33.5927,-116.1941,331.2,1.3,1.1,312.1,18.4,D,0,2019-05-13 19:00:00,0.1,1.841248,1
33.5928,-116.1955,327.5,1.0,1.0,311.6,9.6,D,0,2019-05-08 19:00:00,0.1,6.674523999999999,1
33.594,-116.187,326.0,1.1,1.0,314.7,9.4,D,0,2019-10-08 18:00:00,0.1,2.6467939999999994,1
33.7341,-117.3436,340.3,3.1,1.7,314.1,115.7,D,0,2019-08-05 22:00:00,0.1,1.380936,1
33.8221,-117.1861,347.1,1.5,1.2,316.0,58.1,D,2,2019-07-13 18:00:00,0.1,6.559445999999999,1
33.8594,-118.161,329.3,1.2,1.1,307.4,17.1,D,2,2019-05-25 21:00:00,0.1,2.531716,1
33.9868,-117.4034,329.2,3.0,1.7,283.2,158.6,N,2,2019-10-31 09:00:00,0.1,8.861006,1
33.9873,-117.3987,324.7,3.0,1.7,282.7,132.8,N,2,2019-10-31 09:00:00,0.1,8.861006,1
33.9891,-117.4356,304.8,3.0,1.7,281.4,48.8,N,2,2019-10-31 09:00:00,0.1,8.861006,1
33.9894,-117.431,313.5,3.0,1.7,281.8,79.5,N,2,2019-10-31 09:00:00,0.1,8.861006,1
33.9929,-117.3871,320.2,1.0,1.0,297.5,12.8,D,2,2019-10-30 21:00:00,0.1,8.170537999999999,1
34.007,-117.379,304.5,1.1,1.1,288.6,6.5,D,2,2019-01-01 21:00:00,0.1,11.162565999999998,0
34.0092,-117.5371,327.2,1.1,1.1,311.7,6.6,D,2,2019-04-23 21:00:00,0.1,0.690468,1
34.0094,-117.5387,324.5,1.0,1.0,305.7,5.9,D,2,2019-06-01 21:00:00,0.1,3.682496,0
34.0152,-117.4911,310.7,1.0,1.0,299.6,4.8,D,2,2019-10-30 21:00:00,0.1,13.694282,0
34.0153,-117.4717,312.0,3.9,1.8,294.8,58.4,D,2,2019-10-30 19:00:00,0.1,14.499827999999999,1
34.0154,-117.4068,323.1,2.0,1.4,311.0,21.3,D,2,2019-10-26 21:00:00,0.1,1.9563259999999998,1
34.0211,-117.4656,314.1,3.9,1.8,294.9,70.6,D,0,2019-10-30 19:00:00,0.1,14.499827999999999,1
34.0212,-117.4211,322.3,1.9,1.4,310.2,20.5,D,0,2019-10-26 21:00:00,0.1,1.9563259999999998,1
34.0231,-117.4003,324.7,2.0,1.4,310.2,27.2,D,2,2019-10-26 21:00:00,0.1,1.9563259999999998,1
34.0247,-118.0529,300.9,1.0,1.0,284.7,3.4,D,2,2019-01-22 21:00:00,0.1,2.761872,0
34.0276,-117.4084,322.8,2.0,1.4,310.0,20.0,D,2,2019-10-26 21:00:00,0.1,1.9563259999999998,1
34.0311,-117.5055,306.8,3.9,1.8,294.8,30.0,D,2,2019-10-30 19:00:00,0.1,14.499827999999999,0
34.0393,-117.3724,333.9,1.0,1.0,315.8,12.5,D,2,2019-06-23 19:00:00,0.1,7.2499139999999995,1
34.0412,-117.3768,328.7,1.0,1.0,309.9,10.3,D,2,2019-06-07 19:00:00,0.1,3.682496,1
34.0532,-118.5301,320.2,4.6,2.0,302.3,101.0,D,2,2019-10-21 18:00:00,0.1,0.345234,0
34.0533,-117.6396,345.3,1.0,1.0,305.7,43.8,D,2,2019-04-30 21:00:00,0.1,4.833276,1
34.0536,-118.5356,322.6,4.6,2.0,302.3,123.1,D,2,2019-10-21 18:00:00,0.1,0.345234,1
34.0558,-118.5475,324.7,1.0,1.0,307.9,14.8,D,0,2019-10-21 21:00:00,0.1,1.035702,1
34.0575,-118.5449,327.7,4.2,1.9,301.8,160.4,D,2,2019-10-21 20:00:00,0.1,0.57539,1
34.0605,-118.5372,324.9,4.2,1.9,301.4,132.9,D,2,2019-10-21 20:00:00,0.1,0.57539,1
34.0623,-117.6415,345.4,1.0,1.0,302.2,43.5,D,2,2019-04-30 21:00:00,0.1,4.833276,1
34.0658,-118.2007,335.3,2.2,1.4,309.8,82.6,D,2,2019-10-11 21:00:00,0.1,3.3372619999999995,1
34.0708,-118.177,327.7,2.2,1.4,309.2,49.7,D,2,2019-10-11 21:00:00,0.1,3.3372619999999995,1
34.0746,-118.4927,302.1,1.7,1.3,284.6,13.2,N,2,2019-10-28 10:00:00,0.1,3.7975739999999996,0
34.0765,-118.2086,320.7,2.2,1.4,307.5,25.2,D,2,2019-10-11 21:00:00,0.1,3.3372619999999995,0
34.0771,-118.1829,317.9,1.2,1.1,307.2,7.4,D,2,2019-10-11 19:00:00,0.1,3.682496,1
34.0816,-118.1849,322.8,2.2,1.4,308.3,32.0,D,2,2019-10-11 21:00:00,0.1,3.3372619999999995,1
34.0823,-118.4712,392.8,1.7,1.3,293.8,480.2,N,2,2019-10-28 10:00:00,0.1,3.7975739999999996,1
34.0835,-118.4958,327.0,1.1,1.1,305.4,23.2,D,0,2019-10-28 21:00:00,0.1,0.920624,1
34.085,-118.4835,325.2,1.1,1.1,308.3,20.3,D,2,2019-10-28 21:00:00,0.1,0.920624,1
34.0861,-118.4904,403.2,1.7,1.3,293.1,611.5,N,0,2019-10-28 10:00:00,0.1,3.7975739999999996,1
34.087,-118.4594,310.5,3.6,1.8,298.5,43.2,D,2,2019-10-28 18:00:00,0.1,1.380936,1
34.0892,-118.4913,326.2,1.1,1.1,307.8,23.4,D,0,2019-10-28 21:00:00,0.1,0.920624,1
34.0893,-118.497,312.6,3.6,1.8,299.1,57.1,D,0,2019-10-28 18:00:00,0.1,1.380936,1
34.0905,-117.5271,309.6,1.0,1.0,295.4,3.9,D,2,2019-03-12 19:00:00,0.1,9.20624,0
34.091,-117.5356,314.8,1.0,1.0,301.0,5.8,D,2,2019-02-25 21:00:00,0.1,2.186482,1
34.091,-117.534,308.8,1.1,1.0,295.4,5.3,D,2,2019-02-07 21:00:00,0.1,2.992028,1
34.0912,-117.5342,301.0,1.0,1.0,287.9,3.3,D,2,2019-01-07 19:00:00,0.1,2.992028,0
34.092,-117.5379,307.7,1.0,1.0,293.8,2.5,D,2,2019-03-12 19:00:00,0.1,9.20624,0
34.0921,-117.5332,303.4,1.1,1.1,292.7,5.6,N,2,2019-07-10 06:00:00,0.1,1.9563259999999998,0
34.0935,-117.5265,304.8,1.1,1.0,291.6,4.3,D,2,2019-01-21 19:00:00,0.1,4.833276,1
34.0936,-117.5308,304.5,1.0,1.0,292.5,3.5,D,2,2019-01-23 19:00:00,0.1,2.761872,0
34.0938,-118.4684,444.0,1.7,1.3,312.9,1430.7,N,2,2019-10-28 10:00:00,0.1,3.7975739999999996,1
34.0955,-117.5335,300.8,1.1,1.0,288.2,3.5,D,2,2019-02-06 19:00:00,0.1,2.186482,0
34.0959,-117.5324,304.2,1.3,1.1,292.4,5.4,D,2,2019-01-09 18:00:00,0.1,4.372964,0
34.0962,-117.5321,307.4,1.3,1.1,295.0,6.5,D,2,2019-01-25 18:00:00,0.1,23.936224,1
34.0965,-117.5321,303.6,1.0,1.0,290.6,5.6,N,2,2019-06-06 06:00:00,0.1,2.071404,0
34.097,-118.4883,310.5,3.6,1.8,299.4,45.4,D,0,2019-10-28 18:00:00,0.1,1.380936,1
34.0976,-118.4877,451.2,1.7,1.3,307.1,1625.6,N,0,2019-10-28 10:00:00,0.1,3.7975739999999996,1
34.1052,-118.4657,325.4,1.7,1.3,286.8,55.8,N,2,2019-10-28 10:00:00,0.1,3.7975739999999996,1
34.1089,-118.4844,327.0,1.7,1.3,285.9,59.9,N,0,2019-10-28 10:00:00,0.1,3.7975739999999996,1
34.1237,-117.9391,301.7,1.1,1.0,290.3,3.4,D,2,2019-01-21 19:00:00,0.1,6.904679999999999,0
34.2585,-118.8218,317.0,3.2,1.7,294.5,66.5,D,0,2019-10-30 19:00:00,0.1,13.579203999999999,1
34.2625,-118.843,354.6,1.0,1.0,301.7,68.0,D,2,2019-10-30 21:00:00,0.1,14.960139999999999,1
34.2641,-118.8322,321.9,1.0,1.0,298.2,13.9,D,0,2019-10-30 21:00:00,0.1,14.960139999999999,0
34.2714,-118.8449,349.5,1.0,1.0,298.7,56.1,D,2,2019-10-30 21:00:00,0.1,14.960139999999999,1
34.2731,-118.8164,316.9,3.2,1.7,294.2,65.4,D,0,2019-10-30 19:00:00,0.1,13.579203999999999,1
34.2746,-118.8233,327.1,1.0,1.0,300.1,19.4,D,0,2019-10-30 21:00:00,0.1,14.960139999999999,1
34.2762,-118.8126,332.7,1.0,1.0,300.6,26.8,D,2,2019-10-30 21:00:00,0.1,14.960139999999999,1
34.2777,-119.1304,319.9,1.3,1.1,305.0,14.4,D,2,2019-11-01 21:00:00,0.1,3.3372619999999995,1
34.2781,-119.1223,326.9,1.3,1.1,306.4,23.8,D,2,2019-11-01 21:00:00,0.1,3.3372619999999995,1
34.2802,-119.1161,324.6,1.3,1.1,307.4,21.6,D,0,2019-11-01 21:00:00,0.1,3.3372619999999995,1
34.2808,-118.8491,311.8,3.2,1.7,292.8,42.5,D,2,2019-10-30 19:00:00,0.1,13.579203999999999,0
34.282,-119.1113,335.6,1.9,1.4,305.2,76.7,D,0,2019-11-01 19:00:00,0.1,3.107106,1
34.2836,-119.1089,323.8,2.0,1.4,285.2,68.3,N,0,2019-11-01 06:00:00,0.1,7.134836,1
34.2856,-119.1047,329.0,1.9,1.4,306.2,51.7,D,0,2019-11-01 19:00:00,0.1,3.107106,1
34.286,-119.1309,324.1,1.9,1.4,301.8,38.0,D,2,2019-11-01 19:00:00,0.1,3.107106,1
34.2878,-119.0838,335.7,1.0,1.0,288.7,38.9,N,0,2019-11-01 10:00:00,0.1,10.011785999999999,1
34.2882,-119.0869,355.9,2.0,1.4,292.1,220.0,N,0,2019-11-01 06:00:00,0.1,7.134836,1
34.2893,-119.0947,350.6,1.0,1.0,290.7,66.6,N,0,2019-11-01 10:00:00,0.1,10.011785999999999,1
34.2897,-119.1239,336.1,1.9,1.4,303.1,77.4,D,0,2019-11-01 19:00:00,0.1,3.107106,1
34.2909,-119.1055,380.5,1.0,1.0,294.6,160.4,N,0,2019-11-01 10:00:00,0.1,10.011785999999999,1
34.2924,-119.1165,342.2,1.0,1.0,282.5,51.0,N,0,2019-11-01 10:00:00,0.1,10.011785999999999,1
34.2925,-119.0659,364.3,2.0,1.4,294.3,280.5,N,0,2019-11-01 06:00:00,0.1,7.134836,1
34.2956,-119.1133,316.2,2.0,1.4,283.3,44.2,N,0,2019-11-01 06:00:00,0.1,7.134836,1
34.2983,-119.0929,334.4,1.0,1.0,286.2,36.6,N,0,2019-11-01 10:00:00,0.1,10.011785999999999,1
34.2998,-119.1038,323.4,1.0,1.0,282.1,23.0,N,0,2019-11-01 10:00:00,0.1,10.011785999999999,1
34.3002,-119.0909,337.8,2.0,1.4,288.3,114.7,N,0,2019-11-01 06:00:00,0.1,7.134836,1
34.3048,-119.0688,310.1,2.0,1.4,289.2,29.8,N,0,2019-11-01 06:00:00,0.1,7.134836,0
34.3073,-119.0911,338.2,1.0,1.0,285.5,41.1,N,0,2019-11-01 10:00:00,0.1,10.011785999999999,1
34.3121,-119.0956,333.1,2.0,1.4,287.4,94.8,N,0,2019-11-01 06:00:00,0.1,7.134836,1
34.3158,-119.0878,321.4,1.3,1.1,307.2,14.5,D,0,2019-11-01 21:00:00,0.1,3.3372619999999995,0
34.3162,-119.0893,357.4,1.0,1.0,288.2,81.1,N,0,2019-11-01 10:00:00,0.1,10.011785999999999,1
34.317,-119.0721,373.9,2.0,1.4,296.4,360.9,N,0,2019-11-01 06:00:00,0.1,7.134836,1
34.3173,-119.0745,332.8,1.9,1.4,306.0,61.8,D,0,2019-11-01 19:00:00,0.1,3.107106,1
34.3211,-119.0929,346.6,1.9,1.4,303.9,123.5,D,0,2019-11-01 19:00:00,0.1,3.107106,1
34.3237,-119.0766,330.2,1.0,1.0,287.5,30.3,N,2,2019-11-01 10:00:00,0.1,10.011785999999999,1
34.3242,-119.0997,300.7,2.0,1.4,284.2,15.3,N,0,2019-11-01 06:00:00,0.1,7.134836,0
34.3252,-119.0876,306.3,1.0,1.0,283.8,8.3,N,0,2019-11-01 10:00:00,0.1,10.011785999999999,0
34.3286,-119.0779,340.8,2.0,1.4,288.2,127.5,N,0,2019-11-01 06:00:00,0.1,7.134836,1
34.329,-119.0698,324.3,1.9,1.4,303.6,37.4,D,0,2019-11-01 19:00:00,0.1,3.107106,1
34.3295,-119.053,314.5,1.0,1.0,288.7,13.3,N,2,2019-11-01 10:00:00,0.1,10.011785999999999,0
34.3311,-119.064,330.3,1.0,1.0,290.2,29.6,N,2,2019-11-01 10:00:00,0.1,10.011785999999999,1
34.3326,-119.0749,337.1,1.0,1.0,287.4,39.6,N,2,2019-11-01 10:00:00,0.1,10.011785999999999,1
34.3331,-119.0557,452.8,2.0,1.4,315.3,2075.5,N,2,2019-11-01 06:00:00,0.1,7.134836,1
34.3385,-119.0514,321.3,1.0,1.0,288.1,20.3,N,2,2019-11-01 10:00:00,0.1,10.011785999999999,1
34.3401,-119.0623,312.3,1.0,1.0,284.4,12.0,N,2,2019-11-01 10:00:00,0.1,10.011785999999999,0
34.3517,-118.5041,319.0,1.2,1.1,301.2,12.6,D,2,2019-10-11 19:00:00,0.1,3.2221839999999995,0
34.3536,-118.5006,318.5,1.0,1.0,284.5,18.6,N,2,2019-10-12 06:00:00,0.1,1.841248,1
34.3747,-118.5263,321.8,1.0,1.0,304.6,12.2,D,2,2019-11-06 21:00:00,0.1,1.380936,1
34.3762,-118.5153,349.0,1.0,1.0,305.0,54.6,D,2,2019-11-06 21:00:00,0.1,1.380936,1
34.3789,-118.818,312.9,1.1,1.0,293.1,10.3,D,0,2019-02-25 21:00:00,0.1,3.3372619999999995,0
34.3808,-118.8062,313.6,1.1,1.0,292.3,10.9,D,0,2019-02-25 21:00:00,0.1,3.3372619999999995,0
34.3865,-118.806,302.3,2.5,1.5,289.9,16.9,D,0,2019-02-25 19:00:00,0.1,1.380936,0
34.4049,-119.5072,300.1,1.2,1.1,290.0,3.4,D,2,2019-01-03 19:00:00,0.1,2.186482,0
34.4098,-119.5301,303.1,1.0,1.0,290.9,4.2,D,2,2019-02-07 21:00:00,0.1,2.87695,0
34.4113,-119.5193,315.4,1.0,1.0,291.5,12.9,D,2,2019-02-07 21:00:00,0.1,2.87695,1
35.0212,-120.5153,302.7,1.1,1.1,290.9,3.8,D,0,2019-01-30 19:00:00,0.1,1.035702,0
35.2039,-118.7959,304.4,1.0,1.0,289.5,5.0,D,0,2019-11-21 19:00:00,0.1,3.107106,0
35.2393,-118.7682,325.7,1.3,1.2,302.1,25.5,D,0,2019-10-19 21:00:00,0.1,3.4523399999999995,1
35.2475,-118.7653,319.2,1.3,1.1,306.9,12.9,D,0,2019-10-15 19:00:00,0.1,2.992028,0
35.2488,-118.7693,322.1,2.4,1.5,303.0,31.7,D,0,2019-06-01 19:00:00,0.1,1.496014,0
35.2731,-118.8617,325.5,1.0,1.0,295.4,22.2,N,0,2019-07-24 06:00:00,0.1,4.60312,1
35.2913,-118.937,321.5,1.0,1.0,306.2,9.4,D,0,2019-10-21 21:00:00,0.1,7.4800699999999996,1
35.3225,-120.742,323.3,1.3,1.2,307.7,14.3,D,0,2019-09-20 19:00:00,0.1,8.400694,1
35.3239,-118.9731,309.5,1.0,1.0,294.8,4.3,D,0,2019-10-30 21:00:00,0.1,17.261699999999998,0
35.3255,-118.9622,325.3,1.0,1.0,296.9,18.7,D,0,2019-10-30 21:00:00,0.1,17.261699999999998,1
35.3424,-120.717,326.5,1.3,1.1,304.0,22.1,D,0,2019-07-18 19:00:00,0.1,7.595147999999999,0
35.3512,-120.0286,353.2,1.0,1.0,288.9,71.5,D,0,2019-01-31 21:00:00,0.1,1.496014,1
35.4503,-119.3065,306.7,1.1,1.0,290.9,7.6,D,0,2019-01-24 21:00:00,0.1,1.15078,1
35.4562,-119.306,309.7,1.2,1.1,289.4,10.6,D,0,2019-01-07 19:00:00,0.1,3.3372619999999995,1
35.4585,-119.3147,305.1,1.0,1.0,284.1,7.8,D,0,2019-02-06 19:00:00,0.1,1.15078,1
35.4852,-119.2501,303.6,1.0,1.0,287.9,5.2,D,2,2019-11-21 19:00:00,0.1,0.920624,0
35.5972,-120.15,333.4,1.6,1.2,315.8,24.7,D,0,2019-06-10 19:00:00,0.1,8.745928,1
36.0149,-119.1153,316.7,1.0,1.0,298.6,9.8,D,0,2019-03-26 19:00:00,0.1,2.992028,1
36.0165,-119.1262,319.7,1.0,1.0,297.1,12.0,D,0,2019-03-26 19:00:00,0.1,2.992028,1
36.2108,-119.797,301.5,1.3,1.1,289.0,8.8,N,0,2019-09-26 10:00:00,0.1,5.063432,0
36.2589,-117.9952,312.0,1.1,1.0,300.0,6.1,D,0,2019-11-01 21:00:00,0.1,3.567418,1
36.3064,-119.5588,303.4,1.5,1.2,293.3,6.9,N,0,2019-09-06 06:00:00,0.1,3.107106,0
36.3199,-119.2516,315.5,1.0,1.0,297.8,8.9,D,2,2019-03-11 21:00:00,0.1,0.690468,1
36.5513,-119.491,313.6,1.6,1.3,296.5,15.1,D,0,2019-09-30 19:00:00,0.1,5.868977999999999,1
36.5547,-119.5037,314.3,2.0,1.4,301.6,13.6,D,0,2019-09-21 19:00:00,0.1,2.186482,0
36.5554,-119.4522,341.0,1.6,1.3,296.0,80.2,D,0,2019-09-30 19:00:00,0.1,5.868977999999999,1
36.5556,-119.4625,317.2,1.3,1.1,297.7,14.4,D,0,2019-10-19 21:00:00,0.1,2.30156,1
36.5584,-119.4637,318.5,1.3,1.1,298.9,12.7,D,0,2019-09-30 21:00:00,0.1,6.099133999999999,0
36.5587,-119.4694,319.8,1.1,1.0,305.0,5.7,D,0,2019-08-10 19:00:00,0.1,10.126864,0
36.5595,-119.4594,307.6,1.0,1.0,291.3,5.9,D,0,2019-11-21 19:00:00,0.1,3.682496,1
36.562,-119.4533,339.2,1.0,1.0,303.6,33.5,D,0,2019-09-18 19:00:00,0.1,6.444367999999999,1
36.5658,-119.5435,325.3,1.0,1.0,303.5,12.9,D,0,2019-09-18 19:00:00,0.1,6.444367999999999,1
36.568,-119.4689,328.0,1.1,1.1,280.1,27.3,D,0,2019-09-16 19:00:00,0.1,6.7896019999999995,1
36.5725,-119.4931,326.9,1.2,1.1,300.1,24.7,D,0,2019-10-22 19:00:00,0.1,0.690468,1
36.5732,-119.5202,316.3,2.3,1.5,302.7,15.0,D,0,2019-09-09 21:00:00,0.1,5.868977999999999,0
36.5736,-119.5079,315.9,1.1,1.0,302.2,7.8,D,0,2019-10-23 21:00:00,0.1,2.30156,0
36.5743,-119.5041,328.1,1.0,1.0,304.7,17.0,D,0,2019-09-09 19:00:00,0.1,4.833276,1
36.5748,-119.5118,321.0,1.0,1.0,304.8,9.2,D,0,2019-09-19 21:00:00,0.1,4.257886,1
36.5749,-118.7641,328.0,1.0,1.0,300.9,19.2,D,0,2019-07-10 21:00:00,0.1,3.107106,0
36.5756,-118.7502,327.8,1.0,1.0,295.0,22.1,D,0,2019-07-09 19:00:00,0.1,1.6110919999999997,1
36.5761,-119.5153,333.8,1.0,1.0,304.7,24.7,D,0,2019-09-09 19:00:00,0.1,4.833276,1
36.5763,-119.5057,311.4,3.1,1.7,296.7,21.4,D,0,2019-09-19 20:00:00,0.1,4.833276,0
36.5765,-118.7531,339.7,1.0,1.0,300.6,35.6,D,0,2019-07-10 21:00:00,0.1,3.107106,1
36.5766,-118.766,302.5,1.2,1.1,286.2,8.7,N,0,2019-07-10 06:00:00,0.1,1.380936,0
36.5772,-118.7617,341.8,1.0,1.0,294.2,43.5,D,0,2019-07-09 19:00:00,0.1,1.6110919999999997,1
36.5773,-119.4955,319.2,1.0,1.0,301.8,8.0,D,0,2019-09-18 19:00:00,0.1,6.444367999999999,1
36.5775,-119.5102,316.9,2.0,1.4,298.2,24.8,D,0,2019-10-23 19:00:00,0.1,2.6467939999999994,1
36.5781,-119.5113,319.4,1.4,1.2,298.3,20.6,D,0,2019-10-15 19:00:00,0.1,2.6467939999999994,1
36.5784,-119.5146,314.3,1.1,1.0,301.1,6.3,D,0,2019-10-23 21:00:00,0.1,2.30156,0
36.5786,-118.7553,317.2,1.4,1.2,290.1,22.6,D,0,2019-10-03 21:00:00,0.1,3.107106,0
36.5788,-119.5065,320.1,1.0,1.0,302.7,8.8,D,0,2019-09-18 19:00:00,0.1,6.444367999999999,1
36.5789,-118.7524,310.0,1.2,1.1,285.8,14.9,N,0,2019-07-10 06:00:00,0.1,1.380936,1
36.5793,-119.5027,316.8,2.0,1.4,298.0,25.0,D,0,2019-10-23 19:00:00,0.1,2.6467939999999994,1
36.5798,-119.5275,316.5,1.5,1.2,298.4,15.4,D,0,2019-10-15 19:00:00,0.1,2.6467939999999994,1
36.5801,-119.4507,327.3,2.2,1.4,304.5,47.8,D,2,2019-08-30 18:00:00,0.1,3.7975739999999996,1
36.5813,-118.7635,319.3,1.4,1.2,291.0,26.0,D,0,2019-10-03 21:00:00,0.1,3.107106,1
36.5837,-119.5076,354.0,1.0,1.0,305.2,62.9,D,0,2019-09-09 19:00:00,0.1,4.833276,1
36.5854,-118.7563,359.0,1.0,1.0,284.0,92.5,N,0,2019-10-03 06:00:00,0.1,4.02773,1
36.5855,-118.7622,321.3,1.0,1.0,295.5,17.3,D,0,2019-10-05 21:00:00,0.1,3.567418,1
36.5857,-118.7576,307.6,1.0,1.0,281.4,12.0,N,0,2019-10-05 06:00:00,0.1,4.257886,1
36.5859,-119.5157,332.3,1.0,1.0,308.6,17.2,D,0,2019-08-17 19:00:00,0.1,6.559445999999999,1
36.5869,-118.7512,314.8,1.0,1.0,295.0,11.3,D,0,2019-10-05 21:00:00,0.1,3.567418,0
36.5872,-118.7593,358.4,1.0,1.0,291.7,82.4,D,0,2019-10-04 19:00:00,0.1,2.416638,1
36.5891,-118.7565,326.3,1.4,1.2,291.2,36.8,D,0,2019-10-03 21:00:00,0.1,3.107106,1
36.5896,-119.5062,315.8,2.0,1.4,298.0,20.8,D,0,2019-10-23 19:00:00,0.1,2.6467939999999994,0
36.5914,-119.4988,312.5,2.0,1.4,298.2,14.5,D,0,2019-10-23 19:00:00,0.1,2.6467939999999994,0
36.5942,-119.5005,302.6,1.3,1.1,291.9,4.9,D,0,2019-12-06 21:00:00,0.1,1.841248,0
36.5945,-118.758,320.9,1.0,1.0,279.4,23.6,N,0,2019-10-03 06:00:00,0.1,4.02773,1
36.5947,-118.76,307.9,1.0,1.0,279.1,12.3,N,0,2019-10-05 06:00:00,0.1,4.257886,1
36.5949,-118.7502,301.6,1.2,1.1,280.4,11.1,N,0,2019-10-05 10:00:00,0.1,3.3372619999999995,0
36.5952,-119.5164,315.5,1.2,1.1,301.0,8.8,D,0,2019-10-22 19:00:00,0.1,0.690468,0
36.5992,-119.4682,317.9,1.2,1.1,301.6,8.6,D,2,2019-09-20 19:00:00,0.1,2.071404,0
36.6007,-119.4816,319.3,1.2,1.1,302.2,10.7,D,0,2019-09-20 19:00:00,0.1,2.071404,1
36.6112,-119.5038,320.4,1.1,1.0,307.6,8.2,D,0,2019-03-18 21:00:00,0.1,2.30156,1
36.6293,-119.546,313.6,1.5,1.2,298.3,10.8,D,0,2019-10-15 19:00:00,0.1,2.6467939999999994,0
36.6297,-119.4998,309.0,2.3,1.5,292.8,15.7,D,0,2019-10-17 18:00:00,0.1,8.400694,0
36.6297,-119.453,314.4,3.9,1.8,300.2,25.6,D,0,2019-08-09 20:00:00,0.1,6.444367999999999,0
36.6381,-119.455,314.0,1.1,1.1,288.8,8.5,D,0,2019-04-03 21:00:00,0.1,2.6467939999999994,1
36.6416,-119.4591,316.8,1.0,1.0,295.0,10.9,D,0,2019-03-11 21:00:00,0.1,2.30156,1
36.6416,-119.4513,308.2,3.1,1.7,290.3,36.7,D,0,2019-03-11 20:00:00,0.1,0.57539,1
36.6436,-119.4574,306.9,3.1,1.7,290.2,32.4,D,0,2019-03-11 20:00:00,0.1,0.57539,1
36.6483,-119.5039,328.9,1.0,1.0,302.4,17.9,D,0,2019-09-09 19:00:00,0.1,4.833276,1
36.6561,-119.8481,317.4,1.1,1.0,304.5,6.2,D,0,2019-09-11 19:00:00,0.1,1.841248,0
36.6736,-119.6581,333.6,1.0,1.0,302.4,24.4,D,0,2019-04-02 19:00:00,0.1,8.976083999999998,1
36.69,-119.6968,301.4,2.4,1.5,285.3,17.1,D,0,2019-12-27 22:00:00,0.1,0.57539,0
36.6956,-119.6925,301.8,2.4,1.5,285.6,17.8,D,0,2019-12-27 22:00:00,0.1,0.57539,0
36.8436,-118.1859,310.0,1.5,1.2,294.3,11.1,D,0,2019-02-26 18:00:00,0.1,10.932409999999999,1
36.8453,-118.2027,314.6,1.5,1.2,295.4,17.5,D,0,2019-02-26 18:00:00,0.1,10.932409999999999,1
36.8908,-119.9918,302.0,1.6,1.2,291.4,6.0,D,0,2019-11-16 19:00:00,0.1,1.6110919999999997,0
36.8948,-120.0055,307.9,1.2,1.1,289.1,10.0,D,0,2019-11-20 21:00:00,0.1,5.7539,1
36.9294,-120.0477,316.4,1.3,1.1,300.8,8.7,D,2,2019-04-13 19:00:00,0.1,3.567418,0
36.9479,-120.0414,312.8,3.1,1.7,296.7,33.1,D,2,2019-04-17 18:00:00,0.1,2.416638,0
36.9568,-119.9716,329.2,1.6,1.2,307.2,24.3,D,0,2019-08-28 19:00:00,0.1,7.364992,0
36.9742,-119.9847,304.4,1.1,1.1,276.1,8.5,D,0,2019-05-16 21:00:00,0.1,1.6110919999999997,0
37.0408,-120.0343,301.3,1.2,1.1,290.9,4.4,D,0,2019-12-06 21:00:00,0.1,5.868977999999999,0
37.2527,-120.4181,303.8,2.1,1.4,291.5,10.5,D,0,2019-11-15 19:00:00,0.1,2.992028,0
37.2527,-120.4115,311.0,2.1,1.4,291.4,24.2,D,0,2019-11-15 19:00:00,0.1,2.992028,1
37.3081,-120.4339,311.5,1.2,1.1,297.7,5.8,D,2,2019-10-19 21:00:00,0.1,2.761872,0
37.4555,-120.8072,307.3,1.1,1.0,290.7,5.8,D,2,2019-11-21 19:00:00,0.1,1.380936,0
37.457,-120.8191,307.2,1.1,1.0,291.1,5.6,D,0,2019-11-21 19:00:00,0.1,1.380936,0
37.4833,-120.7635,317.5,1.3,1.1,303.5,8.8,D,0,2019-06-26 19:00:00,0.1,7.134836,0
37.542,-119.838,314.6,1.5,1.2,298.0,15.2,D,0,2019-06-03 21:00:00,0.1,4.372964,0
37.6348,-121.026,327.3,2.4,1.5,306.2,45.6,D,2,2019-07-17 20:00:00,0.1,4.718197999999999,0
37.6376,-121.0468,333.8,1.0,1.0,313.5,15.3,D,0,2019-07-17 21:00:00,0.1,3.567418,0
37.6392,-121.0356,341.5,1.0,1.0,317.6,25.6,D,2,2019-07-17 21:00:00,0.1,3.567418,1
37.6492,-121.0226,310.2,1.1,1.0,290.8,10.5,N,2,2019-07-08 06:00:00,0.1,2.761872,1
37.6509,-121.3833,305.4,1.9,1.3,294.0,8.1,D,0,2019-03-15 21:00:00,0.1,9.666552,0
37.654,-121.3872,305.8,1.9,1.4,292.7,10.0,D,0,2019-11-16 19:00:00,0.1,4.948353999999999,0
37.6593,-121.3737,313.9,1.1,1.0,292.9,10.4,D,0,2019-03-15 19:00:00,0.1,6.444367999999999,1
37.6613,-121.3857,311.8,1.1,1.0,292.1,8.4,D,0,2019-03-15 19:00:00,0.1,6.444367999999999,1
37.6985,-121.3717,302.7,1.1,1.0,292.4,2.9,D,0,2019-11-15 21:00:00,0.1,5.293587999999999,0
37.742,-121.4117,325.7,1.1,1.0,311.5,8.7,D,2,2019-06-08 21:00:00,0.1,7.940382,0
37.7437,-121.4119,325.9,1.0,1.0,313.8,6.0,D,2,2019-07-01 21:00:00,0.1,3.4523399999999995,0
37.7449,-121.4132,324.4,1.1,1.0,305.3,9.6,D,2,2019-05-23 21:00:00,0.1,8.861006,0
37.7457,-121.4099,326.6,1.1,1.0,307.8,8.5,D,2,2019-06-03 19:00:00,0.1,6.214212,1
37.7464,-121.4075,325.9,1.1,1.0,309.2,9.1,D,2,2019-08-22 19:00:00,0.1,9.091161999999999,0
37.7475,-121.4037,321.8,1.1,1.0,309.4,7.4,D,2,2019-05-02 19:00:00,0.1,8.745928,0
37.8014,-121.1535,318.2,1.5,1.2,298.1,20.4,D,0,2019-10-22 19:00:00,0.1,2.30156,1
37.8251,-121.1629,307.5,1.0,1.0,293.5,5.4,D,0,2019-11-19 19:00:00,0.1,3.4523399999999995,1
37.8376,-121.214,308.9,1.1,1.0,294.8,5.7,D,0,2019-03-15 19:00:00,0.1,2.992028,1
38.0072,-121.2504,310.1,1.0,1.0,295.5,5.1,D,2,2019-04-09 19:00:00,0.1,4.718197999999999,0
38.3398,-121.4117,317.5,2.4,1.5,284.9,65.7,N,0,2019-10-27 10:00:00,0.1,25.432237999999998,1
38.3419,-121.4398,309.9,2.5,1.5,284.0,43.7,N,0,2019-10-27 10:00:00,0.1,25.432237999999998,1
38.3459,-121.4033,306.1,2.4,1.5,284.2,35.8,N,0,2019-10-27 10:00:00,0.1,25.432237999999998,1
38.3478,-121.4314,321.9,2.5,1.5,284.7,83.2,N,0,2019-10-27 10:00:00,0.1,25.432237999999998,1
38.6406,-121.5166,325.8,1.0,1.0,294.8,22.2,D,2,2019-10-27 19:00:00,0.1,5.984056,1
38.6422,-121.5283,340.1,1.0,1.0,295.8,43.3,D,2,2019-10-27 19:00:00,0.1,5.984056,1
38.683,-120.1492,313.2,4.7,2.0,286.2,111.3,D,0,2019-10-10 20:00:00,0.1,1.380936,0
38.6948,-120.8192,316.2,1.1,1.0,303.1,8.1,D,2,2019-06-03 19:00:00,0.1,2.6467939999999994,0
38.6981,-120.1328,306.6,1.0,1.0,283.5,7.8,D,0,2019-10-18 19:00:00,0.1,0.230156,0
38.6981,-120.1305,313.9,1.7,1.3,290.5,23.2,D,0,2019-10-15 19:00:00,0.1,0.57539,1
38.6982,-120.1287,329.7,3.3,1.7,285.4,153.2,D,0,2019-10-10 18:00:00,0.1,1.9563259999999998,1
38.7,-120.1421,322.8,4.7,2.0,286.2,203.8,D,0,2019-10-10 20:00:00,0.1,1.380936,1
38.7,-120.1384,347.5,1.0,1.0,293.6,55.4,D,0,2019-10-21 21:00:00,0.1,2.531716,1
38.7009,-120.1474,326.3,4.7,2.0,286.7,235.1,D,0,2019-10-10 20:00:00,0.1,1.380936,1
38.7059,-120.1483,325.8,1.5,1.2,292.1,40.5,D,0,2019-10-09 21:00:00,0.1,6.904679999999999,1
38.7066,-120.139,337.6,1.2,1.1,289.4,48.9,D,0,2019-10-09 19:00:00,0.1,5.638822,1
38.7067,-120.1316,310.9,1.0,1.0,280.5,15.2,N,0,2019-10-21 10:00:00,0.1,3.7975739999999996,1
38.7095,-120.142,300.9,1.0,1.0,279.8,7.6,N,0,2019-10-12 06:00:00,0.1,0.230156,0
38.7096,-120.1323,315.8,1.2,1.1,287.5,15.2,D,0,2019-10-09 19:00:00,0.1,5.638822,0
38.7101,-120.1434,316.6,1.0,1.0,290.9,12.7,D,0,2019-10-11 19:00:00,0.1,1.496014,0
38.7113,-120.1461,361.0,1.1,1.0,297.7,97.7,D,0,2019-10-07 21:00:00,0.1,1.15078,1
38.7116,-120.1471,361.4,1.0,1.0,295.9,88.8,D,0,2019-10-05 21:00:00,0.1,1.496014,1
38.7118,-120.1451,362.7,1.2,1.1,294.3,114.6,D,0,2019-10-09 19:00:00,0.1,5.638822,1
38.713,-120.1481,313.1,3.7,1.8,293.1,68.2,D,0,2019-10-06 22:00:00,0.1,0.230156,0
38.7131,-120.1412,324.4,1.5,1.2,294.5,38.5,D,0,2019-10-10 22:00:00,0.1,2.30156,1
38.7138,-120.1307,312.7,3.3,1.7,285.8,65.3,D,0,2019-10-10 18:00:00,0.1,1.9563259999999998,0
38.7179,-120.1304,308.7,1.1,1.0,276.7,14.6,N,0,2019-10-10 06:00:00,0.1,7.364992,1
38.7189,-120.1217,336.0,2.1,1.4,292.7,105.4,D,0,2019-10-08 18:00:00,0.1,3.4523399999999995,1
38.7191,-120.1293,312.5,2.1,1.4,280.8,40.3,N,0,2019-10-11 10:00:00,0.1,2.30156,0
38.7192,-120.1217,306.3,2.1,1.4,279.7,30.8,N,0,2019-10-11 10:00:00,0.1,2.30156,0
38.7198,-120.1337,316.8,1.5,1.2,290.6,25.2,D,0,2019-10-09 21:00:00,0.1,6.904679999999999,1
38.7206,-120.1479,354.7,1.1,1.0,295.2,80.1,D,0,2019-10-07 21:00:00,0.1,1.15078,1
38.7208,-120.1453,346.5,2.1,1.4,295.4,159.0,D,0,2019-10-08 18:00:00,0.1,3.4523399999999995,1
38.7211,-120.1449,305.8,2.1,1.4,279.7,29.9,N,0,2019-10-11 10:00:00,0.1,2.30156,0
38.7211,-120.137,315.3,1.5,1.2,291.3,22.4,D,0,2019-10-10 22:00:00,0.1,2.30156,0
38.7217,-120.1351,302.4,1.5,1.2,282.6,15.0,N,0,2019-10-08 06:00:00,0.1,0.460312,0
38.724,-120.1425,304.7,1.5,1.2,282.4,16.0,N,0,2019-10-08 06:00:00,0.1,0.460312,0
38.7246,-120.1153,312.0,3.5,1.8,277.3,89.4,N,0,2019-10-11 05:00:00,0.1,1.265858,1
38.7271,-120.1331,304.8,1.1,1.0,274.0,11.8,N,0,2019-10-10 06:00:00,0.1,7.364992,0
39.0508,-121.6466,326.1,1.6,1.3,298.8,39.8,D,0,2019-10-14 19:00:00,0.1,0.57539,1
39.0633,-121.6106,315.2,1.0,1.0,292.8,10.6,D,0,2019-11-22 21:00:00,0.1,0.8055459999999999,1
39.0638,-121.6283,307.5,3.3,1.7,297.2,23.7,D,0,2019-11-05 20:00:00,0.1,0.690468,0
39.0695,-121.6163,313.0,2.0,1.4,289.7,27.0,D,0,2019-11-22 20:00:00,0.1,1.265858,1
39.0704,-121.6493,311.5,1.0,1.0,296.1,6.5,D,0,2019-10-18 19:00:00,0.1,1.7261699999999998,1
39.0716,-121.6089,316.2,2.0,1.4,289.8,36.2,D,0,2019-11-22 20:00:00,0.1,1.265858,1
39.0722,-121.6128,319.9,1.0,1.0,292.3,15.0,D,0,2019-11-22 21:00:00,0.1,0.8055459999999999,1
39.0856,-121.6108,321.5,1.0,1.0,307.3,6.3,D,0,2019-08-24 19:00:00,0.1,2.761872,0
39.0872,-121.6227,327.1,1.0,1.0,308.8,13.1,D,0,2019-08-24 19:00:00,0.1,2.761872,1
39.0926,-121.5818,307.7,2.1,1.4,292.1,16.0,D,2,2019-09-29 19:00:00,0.1,1.035702,1
39.0938,-121.5802,313.8,1.2,1.1,295.7,11.2,D,2,2019-09-30 19:00:00,0.1,2.30156,0
39.0947,-121.6494,330.5,1.5,1.2,313.9,22.8,D,0,2019-07-13 22:00:00,0.1,2.416638,1
39.1001,-121.6395,322.7,1.0,1.0,305.3,10.4,D,2,2019-08-08 19:00:00,0.1,5.063432,1
39.1032,-121.5776,315.9,1.2,1.1,292.7,13.6,D,0,2019-09-30 19:00:00,0.1,2.30156,1
39.1066,-121.5966,300.7,1.4,1.2,288.2,6.3,D,2,2019-12-03 21:00:00,0.1,1.15078,0
39.1259,-121.5626,323.7,1.0,1.0,307.3,9.8,D,2,2019-06-06 21:00:00,0.1,4.488041999999999,0
39.1357,-121.5727,321.0,1.8,1.3,302.6,26.6,D,2,2019-10-25 21:00:00,0.1,0.57539,1
39.1366,-121.5721,316.6,1.0,1.0,300.3,7.7,D,2,2019-04-12 21:00:00,0.1,2.071404,1
39.1397,-121.5531,311.1,1.7,1.3,301.0,7.0,D,2,2019-10-25 21:00:00,0.1,0.57539,0
39.1481,-121.5631,356.9,1.1,1.0,307.4,74.0,D,2,2019-06-08 21:00:00,0.1,6.329289999999999,1
39.2655,-121.6945,310.7,1.1,1.0,299.7,5.4,D,0,2019-11-04 21:00:00,0.1,1.841248,1
39.2661,-121.6791,323.8,1.7,1.3,304.3,23.8,D,0,2019-07-18 19:00:00,0.1,5.178509999999999,1
39.267,-121.6818,314.5,1.1,1.0,300.7,9.1,D,0,2019-11-04 21:00:00,0.1,1.841248,1
39.2671,-121.6784,327.6,1.0,1.0,313.6,10.2,D,0,2019-07-01 21:00:00,0.1,4.488041999999999,1
39.2695,-121.6741,325.0,1.0,1.0,310.2,9.2,D,0,2019-07-05 19:00:00,0.1,2.761872,0
39.2702,-121.68,328.3,2.0,1.4,303.9,49.7,D,0,2019-07-01 20:00:00,0.1,3.9126519999999996,1
39.2714,-121.6858,326.8,1.0,1.0,309.6,12.2,D,0,2019-07-05 19:00:00,0.1,2.761872,0
39.2734,-121.6733,325.5,2.0,1.4,303.1,42.2,D,0,2019-07-01 20:00:00,0.1,3.9126519999999996,1
39.2744,-121.672,322.5,1.7,1.3,305.4,20.3,D,0,2019-07-18 19:00:00,0.1,5.178509999999999,0
39.2787,-121.6514,328.9,2.0,1.4,307.0,49.6,D,2,2019-09-03 20:00:00,0.1,2.416638,1
39.2864,-121.6604,304.5,1.1,1.0,292.2,4.4,D,2,2019-11-15 21:00:00,0.1,0.57539,0
39.2931,-121.659,311.0,1.4,1.2,295.7,12.8,D,0,2019-11-01 21:00:00,0.1,1.15078,1
39.2977,-121.7371,304.6,1.9,1.3,287.7,14.4,D,0,2019-03-14 22:00:00,0.1,5.523744,0
39.2986,-121.7338,302.6,1.5,1.2,282.0,14.0,N,0,2019-04-05 06:00:00,0.1,7.940382,0
39.2992,-121.7418,315.2,1.9,1.3,296.7,26.4,D,0,2019-03-30 22:00:00,0.1,0.920624,1
39.301,-121.7198,312.2,1.9,1.3,296.2,19.6,D,0,2019-03-30 22:00:00,0.1,0.920624,1
39.3026,-121.7473,309.4,1.9,1.3,296.4,15.2,D,0,2019-03-30 22:00:00,0.1,0.920624,1
39.3043,-121.7253,317.5,1.9,1.3,296.5,31.0,D,0,2019-03-30 22:00:00,0.1,0.920624,1
39.3054,-121.6711,309.2,1.1,1.1,292.0,8.8,D,0,2019-09-30 19:00:00,0.1,1.841248,1
39.3073,-121.6516,323.0,1.0,1.0,302.4,11.1,D,0,2019-06-06 21:00:00,0.1,6.099133999999999,1
39.3111,-121.6707,316.3,1.6,1.2,304.4,13.4,D,0,2019-09-12 19:00:00,0.1,0.920624,1
39.3121,-121.6717,301.2,1.4,1.2,284.9,7.7,D,0,2019-11-14 19:00:00,0.1,4.60312,0
39.3146,-121.6885,317.5,1.6,1.2,305.4,15.4,D,0,2019-09-12 19:00:00,0.1,0.920624,1
39.3218,-121.7349,306.4,2.4,1.5,294.5,16.8,D,0,2019-10-28 20:00:00,0.1,1.380936,0
39.3264,-121.7386,309.1,2.4,1.5,294.5,24.8,D,0,2019-10-28 20:00:00,0.1,1.380936,1
39.3277,-121.6523,304.8,3.0,1.6,291.9,24.0,D,0,2019-11-23 22:00:00,0.1,2.071404,1
39.3288,-121.6603,307.6,3.0,1.6,292.2,32.7,D,0,2019-11-23 22:00:00,0.1,2.071404,1
39.3343,-121.7491,311.5,2.2,1.4,296.2,21.8,D,0,2019-10-18 21:00:00,0.1,4.02773,1
39.3386,-121.6754,319.9,1.8,1.3,301.9,27.8,D,0,2019-10-25 21:00:00,0.1,1.15078,1
39.478,-122.1773,308.7,1.0,1.0,292.4,7.0,D,0,2019-11-22 21:00:00,0.1,4.142808,1
39.4827,-122.1698,324.0,1.1,1.0,303.1,17.0,D,0,2019-11-04 21:00:00,0.1,2.992028,1
39.4842,-122.1575,360.3,1.1,1.0,305.9,89.6,D,0,2019-11-04 21:00:00,0.1,2.992028,1
39.4866,-122.1585,329.9,1.0,1.0,294.2,27.6,D,0,2019-11-19 19:00:00,0.1,7.940382,1
39.4883,-122.1701,344.8,1.0,1.0,295.9,51.2,D,0,2019-11-19 19:00:00,0.1,7.940382,1
39.4911,-122.1506,306.9,2.8,1.6,296.0,23.0,D,0,2019-11-23 22:00:00,0.1,3.7975739999999996,0
39.4963,-122.2429,319.1,1.8,1.3,303.1,16.0,D,0,2019-04-28 20:00:00,0.1,2.30156,0
39.4997,-122.2112,307.9,1.9,1.3,294.2,11.9,D,0,2019-11-07 19:00:00,0.1,2.531716,1
39.502,-122.2261,313.2,1.1,1.0,298.6,8.5,D,0,2019-11-01 19:00:00,0.1,1.265858,1
40.5183,-121.5679,307.7,1.4,1.2,283.2,15.2,D,0,2019-10-16 21:00:00,0.1,3.567418,1
40.5212,-121.5525,310.3,1.3,1.2,287.3,18.1,D,0,2019-10-16 21:00:00,0.1,3.567418,1
40.522,-121.5581,305.0,1.1,1.1,282.0,10.1,D,0,2019-10-16 19:00:00,0.1,6.444367999999999,0
